DUID,STATIONID,STATIONNAME,NEM_REGION,NEM_ZONE,NODE,FUEL_TYPE,FUEL_CAT,EMISSIONS,SCHEDULE_TYPE,REG_CAP,MIN_GEN,RR_STARTUP,RR_SHUTDOWN,RR_UP,RR_DOWN,MIN_ON_TIME,MIN_OFF_TIME,SU_COST_COLD,SU_COST_WARM,SU_COST_HOT,VOM,HEAT_RATE,NL_FUEL_CONS,FC_2016-17,SRMC_2016-17,FOM_COST_ID,SOURCE,NOTES
WRWF1,WRWF1,White Rock Wind Farm,NSW1,NCEN,525,Wind,Wind,0,SEMI-SCHEDULED,175,0,900,180,900,180,1,1,875,525,350,0,3.6,0,0,0,BOCORWF1,NTNPD,No entry for WRWF1. Using BOCORWF1 instead. Both wind farms.
YWPS4,YALLOURN,YALLOURN 'W' POWER STATION,VIC1,LV,276,Brown coal,Fossil,1.44707,SCHEDULED,380,228,130,140,260,260,16,16,133000,45600,15200,1.02,15.31914894,0.1,0.61,10.36468085,YWPS4,NTNPD,
YWPS1,YALLOURN,YALLOURN 'W' POWER STATION,VIC1,LV,276,Brown coal,Fossil,1.44707,SCHEDULED,360,216,130,140,260,260,16,16,126000,43200,14400,0.99,15.31914894,0.1,0.61,10.33468085,YWPS1,NTNPD,
YWPS2,YALLOURN,YALLOURN 'W' POWER STATION,VIC1,LV,276,Brown coal,Fossil,1.44707,SCHEDULED,360,216,130,140,260,260,16,16,126000,43200,14400,1,15.31914894,0.1,0.61,10.34468085,YWPS2,NTNPD,
YWPS3,YALLOURN,YALLOURN 'W' POWER STATION,VIC1,LV,276,Brown coal,Fossil,1.44707,SCHEDULED,380,228,130,140,260,260,16,16,133000,45600,15200,1.01,15.31914894,0.1,0.61,10.35468085,YWPS3,NTNPD,
MP2,MP,MT PIPER POWER STATION,NSW1,NCEN,216,Black coal,Fossil,0.95395,SCHEDULED,700,294,140,210,310,310,8,8,245000,84000,28000,1,9.72972973,0.1,2.104,21.47135135,MP2,NTNPD,
MP1,MP,MT PIPER POWER STATION,NSW1,NCEN,216,Black coal,Fossil,0.95395,SCHEDULED,700,294,140,210,310,310,8,8,245000,84000,28000,1,9.72972973,0.1,2.104,21.47135135,MP1,NTNPD,
BOCORWF1,BOCOROCK,Boco Rock Wind Farm,NSW1,CAN,16,Wind,Wind,0,SEMI-SCHEDULED,113,0,620,600,630,620,1,1,565,339,226,0,3.6,0,0,0,BOCORWF1,NTNPD,
JLB02,JEERB,"Jeeralang ""B"" Power Station",VIC1,LV,280,Natural Gas (Pipeline),Fossil,0.90578,SCHEDULED,76,0,360,360,360,360,1,1,7600,7600,7600,10.4,15.72052402,0.3,6.705029246,115.8065733,JLB02,NTNPD,
JLB03,JEERB,"Jeeralang ""B"" Power Station",VIC1,LV,280,Natural Gas (Pipeline),Fossil,0.90578,SCHEDULED,76,0,360,360,360,360,1,1,7600,7600,7600,10.4,15.72052402,0.3,6.705029246,115.8065733,JLB03,NTNPD,
JLB01,JEERB,"Jeeralang ""B"" Power Station",VIC1,LV,280,Natural Gas (Pipeline),Fossil,0.90578,SCHEDULED,76,0,360,360,360,360,1,1,7600,7600,7600,10.4,15.72052402,0.3,6.705029246,115.8065733,JLB01,NTNPD,
REECE2,REECE,Reece Power Station,TAS1,TAS,829,Hydro,Hydro,0,SCHEDULED,116,0,880,890,1800,1800,1,1,580,348,232,7,0,0,0,7,REECE2,NTNPD,
REECE1,REECE,Reece Power Station,TAS1,TAS,829,Hydro,Hydro,0,SCHEDULED,116,0,880,890,1800,1800,1,1,580,348,232,7,0,0,0,7,REECE1,NTNPD,
LI_WY_CA,LI_WY_CA,Catagunya / Liapootah / Wayatinah Power Station,TAS1,TAS,87,Hydro,Hydro,0,SCHEDULED,170,0,940,940,2480,2480,1,1,850,510,340,7,0,0,0,7,REECE1,NTNPD,No entry for LI_WY_CA. Using REECE1 instead. Both hydro with similar capacity.
BRAEMAR1,BRAEMARA,Braemar Power Station,QLD1,SWQ,661,Coal seam methane,Fossil,0.66977,SCHEDULED,168,0,430,430,460,460,1,1,16800,16800,16800,10.4,12,0.3,5.745362791,79.34435349,BRAEMAR1,NTNPD,
BRAEMAR2,BRAEMARA,Braemar Power Station,QLD1,SWQ,661,Coal seam methane,Fossil,0.66977,SCHEDULED,168,0,430,430,460,460,1,1,16800,16800,16800,10.4,12,0.3,5.745362791,79.34435349,BRAEMAR2,NTNPD,
BRAEMAR3,BRAEMARA,Braemar Power Station,QLD1,SWQ,661,Coal seam methane,Fossil,0.66977,SCHEDULED,168,0,430,430,460,460,1,1,16800,16800,16800,10.4,12,0.3,5.745362791,79.34435349,BRAEMAR3,NTNPD,
LD04,LIDDELL,Liddell Power Station,NSW1,NCEN,245,Black coal,Fossil,1.02962,SCHEDULED,500,219.047619,120,100,240,180,8,8,175000,60000,20000,1,10.65088757,0.1,1.463,16.58224851,LD04,NTNPD,
LD03,LIDDELL,Liddell Power Station,NSW1,NCEN,245,Black coal,Fossil,1.02962,SCHEDULED,500,219.047619,120,100,240,180,8,8,175000,60000,20000,1,10.65088757,0.1,1.463,16.58224851,LD03,NTNPD,
LD01,LIDDELL,Liddell Power Station,NSW1,NCEN,245,Black coal,Fossil,1.02962,SCHEDULED,500,219.047619,120,100,240,180,8,8,175000,60000,20000,1,10.65088757,0.1,1.463,16.58224851,LD01,NTNPD,
LD02,LIDDELL,Liddell Power Station,NSW1,NCEN,245,Black coal,Fossil,1.02962,SCHEDULED,500,219.047619,120,100,240,180,8,8,175000,60000,20000,1,10.65088757,0.1,1.463,16.58224851,LD02,NTNPD,
VP5,VP,"Vales Point ""B"" Power Station",NSW1,NCEN,292,Black coal,Fossil,0.95372,SCHEDULED,660,250.8,130,210,290,220,8,8,231000,79200,26400,1,10.16949153,0.1,2.262,24.00338984,VP5,NTNPD,
VP6,VP,"Vales Point ""B"" Power Station",NSW1,NCEN,292,Black coal,Fossil,0.95372,SCHEDULED,660,250.8,130,210,290,220,8,8,231000,79200,26400,1,10.16949153,0.1,2.262,24.00338984,VP6,NTNPD,
GULLRWF1,GULLRGWF,Gullen Range Wind Farm,NSW1,CAN,415,Wind,Wind,0,SEMI-SCHEDULED,166,0,5000,5000,5000,5000,1,1,830,498,332,0,3.6,0,0,0,Gullen Range,NTNPD,
MORTLK12,MORTLK,Mortlake Power Station,VIC1,MEL,620,Natural Gas (Pipeline),Fossil,0.57917,SCHEDULED,283,0,780,780,780,780,1,1,28300,28300,28300,10.4,11.25,0.3,7.745979944,97.54227437,MORTLK12,NTNPD,
MORTLK11,MORTLK,Mortlake Power Station,VIC1,MEL,620,Natural Gas (Pipeline),Fossil,0.57917,SCHEDULED,283,0,780,780,780,780,1,1,28300,28300,28300,10.4,11.25,0.3,7.745979944,97.54227437,MORTLK11,NTNPD,
GSTONE1,G/STONE,GLADSTONE POWER STATION,QLD1,CQ,437,Black coal,Fossil,1.0495,SCHEDULED,280,110,180,190,290,300,8,8,98000,33600,11200,1,10.22727273,0.1,2.184,23.33636364,GSTONE1,NTNPD,
GSTONE2,G/STONE,GLADSTONE POWER STATION,QLD1,CQ,437,Black coal,Fossil,1.0495,SCHEDULED,280,110,180,190,290,300,8,8,98000,33600,11200,1,10.22727273,0.1,2.184,23.33636364,GSTONE2,NTNPD,
GSTONE5,G/STONE,GLADSTONE POWER STATION,QLD1,CQ,437,Black coal,Fossil,1.0495,SCHEDULED,280,110,180,190,290,300,8,8,98000,33600,11200,1,10.22727273,0.1,2.184,23.33636364,GSTONE5,NTNPD,
GSTONE6,G/STONE,GLADSTONE POWER STATION,QLD1,CQ,437,Black coal,Fossil,1.0495,SCHEDULED,280,110,180,190,290,300,8,8,98000,33600,11200,1,10.22727273,0.1,2.184,23.33636364,GSTONE6,NTNPD,
GSTONE3,G/STONE,GLADSTONE POWER STATION,QLD1,CQ,437,Black coal,Fossil,1.0495,SCHEDULED,280,110,180,190,290,300,8,8,98000,33600,11200,1,10.22727273,0.1,2.184,23.33636364,GSTONE3,NTNPD,
GSTONE4,G/STONE,GLADSTONE POWER STATION,QLD1,CQ,437,Black coal,Fossil,1.0495,SCHEDULED,280,110,180,190,290,300,8,8,98000,33600,11200,1,10.22727273,0.1,2.184,23.33636364,GSTONE4,NTNPD,
DRYCGT1,DRYCGT,Dry Creek Gas Turbine Station,SA1,ADE,121,Natural Gas (Pipeline),Fossil,1.35599,SCHEDULED,52,0,300,300,300,300,1,1,5200,5200,5200,10.4,13.84615385,0.3,7.223998176,110.4245902,DRYCGT1,NTNPD,
DRYCGT2,DRYCGT,Dry Creek Gas Turbine Station,SA1,ADE,121,Natural Gas (Pipeline),Fossil,1.35599,SCHEDULED,52,0,300,300,300,300,1,1,5200,5200,5200,10.4,13.84615385,0.3,7.223998176,110.4245902,DRYCGT2,NTNPD,
DRYCGT3,DRYCGT,Dry Creek Gas Turbine Station,SA1,ADE,121,Natural Gas (Pipeline),Fossil,1.35599,SCHEDULED,52,0,300,300,300,300,1,1,5200,5200,5200,10.4,13.84615385,0.3,7.223998176,110.4245902,DRYCGT3,NTNPD,
ROMA_7,ROMA,Roma Gas Turbine Station,QLD1,SWQ,90,Natural Gas (Pipeline),Fossil,0.76408,SCHEDULED,40,0,480,480,480,480,1,1,4000,4000,4000,10.4,12,0.3,6,82.4,ROMA_7,NTNPD,
ROMA_8,ROMA,Roma Gas Turbine Station,QLD1,SWQ,90,Natural Gas (Pipeline),Fossil,0.76408,SCHEDULED,40,0,480,480,480,480,1,1,4000,4000,4000,10.4,12,0.3,6,82.4,ROMA_8,NTNPD,
HUMENSW,HUMENSW,Hume (NSW) Hydro Power Station,NSW1,SWNSW,734,Hydro,Hydro,0,SCHEDULED,29,4.06,180,180,180,180,1,1,145,87,58,7,0,0,0,7,HUMENSW,NTNPD,
YABULU2,YABULU,Townsville Gas Turbine,QLD1,NQ,360,Natural Gas (Pipeline),Fossil,0.52449,SCHEDULED,82,0,770,770,340,340,4,4,2050,1230,410,7,7.826086957,0.3,5.621869767,50.99724166,YABULU2,NTNPD,
YABULU,YABULU,Townsville Gas Turbine,QLD1,NQ,360,Natural Gas (Pipeline),Fossil,0.52449,SCHEDULED,160,0,770,770,340,340,4,4,4000,2400,800,7,7.826086957,0.3,5.621869767,50.99724166,YABULU,NTNPD,
BLUFF1,BLUFF,The Bluff Wind Farm,SA1,NSA,9,Wind,Wind,0,SEMI-SCHEDULED,53,0,120,120,120,120,1,1,265,159,106,0,3.6,0,0,0,BLUFF1,NTNPD,
TALWA1,TALLAWAR,Tallawarra Power Station,NSW1,NCEN,514,Natural Gas (Pipeline),Fossil,0.46096,SCHEDULED,440,0,180,180,360,360,4,4,11000,6600,2200,7,7.2,0.3,5.825201823,48.94145313,TALWA1,NTNPD,
TARALGA1,TARALGA,Taralga Wind Farm,NSW1,NCEN,512,Wind,Wind,0,SEMI-SCHEDULED,106,0,620,600,630,620,1,1,530,318,212,0,3.6,0,0,0,Taralga Wind Farm,NTNPD,
BLOWERNG,SNOWY6,Blowering Power Station,NSW1,CAN,506,Hydro,Hydro,0,SCHEDULED,80,4.8,120,120,120,120,1,1,400,240,160,7,0,0,0,7,BLOWERNG,NTNPD,
TORRB4,TORRIS,TORRENS ISLAND POWER STATION,SA1,ADE,122,Natural Gas (Pipeline),Fossil,0.71521,SCHEDULED,200,0,410,280,450,300,1,1,4000,2000,1000,2.1,11.25,0.3,6.362112901,73.67377014,TORRB4,NTNPD,
TORRB3,TORRIS,TORRENS ISLAND POWER STATION,SA1,ADE,122,Natural Gas (Pipeline),Fossil,0.71521,SCHEDULED,200,0,410,280,450,300,1,1,4000,2000,1000,2.1,11.25,0.3,6.362112901,73.67377014,TORRB3,NTNPD,
TORRB2,TORRIS,TORRENS ISLAND POWER STATION,SA1,ADE,122,Natural Gas (Pipeline),Fossil,0.71521,SCHEDULED,200,0,410,280,450,300,1,1,4000,2000,1000,2.1,11.25,0.3,6.362112901,73.67377014,TORRB2,NTNPD,
TORRA2,TORRIS,TORRENS ISLAND POWER STATION,SA1,ADE,796,Natural Gas (Pipeline),Fossil,0.74399,SCHEDULED,120,0,220,40,290,300,1,1,2400,1200,600,2.1,12,0.3,6.362112901,78.44535481,TORRA2,NTNPD,
TORRA1,TORRIS,TORRENS ISLAND POWER STATION,SA1,ADE,796,Natural Gas (Pipeline),Fossil,0.74399,SCHEDULED,120,0,220,40,290,300,1,1,2400,1200,600,2.1,12,0.3,6.362112901,78.44535481,TORRA1,NTNPD,
TORRB1,TORRIS,TORRENS ISLAND POWER STATION,SA1,ADE,122,Natural Gas (Pipeline),Fossil,0.71521,SCHEDULED,200,0,410,280,450,300,1,1,4000,2000,1000,2.1,11.25,0.3,6.362112901,73.67377014,TORRB1,NTNPD,
TORRA3,TORRIS,TORRENS ISLAND POWER STATION,SA1,ADE,796,Natural Gas (Pipeline),Fossil,0.74399,SCHEDULED,120,0,220,40,290,300,1,1,2400,1200,600,2.1,12,0.3,6.362112901,78.44535481,TORRA3,NTNPD,
TORRA4,TORRIS,TORRENS ISLAND POWER STATION,SA1,ADE,796,Natural Gas (Pipeline),Fossil,0.74399,SCHEDULED,120,0,220,40,290,300,1,1,2400,1200,600,2.1,12,0.3,6.362112901,78.44535481,TORRA4,NTNPD,
QPS1,QUARANTN,Quarantine Power Station,SA1,ADE,130,Natural Gas (Pipeline),Fossil,0.83996,SCHEDULED,24,0,600,600,600,600,1,1,2400,2400,2400,10.4,11.25,0.3,6.629058547,84.97690865,QPS1,NTNPD,
QPS3,QUARANTN,Quarantine Power Station,SA1,ADE,130,Natural Gas (Pipeline),Fossil,0.83996,SCHEDULED,24,0,600,600,600,600,1,1,2400,2400,2400,10.4,11.25,0.3,6.629058547,84.97690865,QPS3,NTNPD,
QPS2,QUARANTN,Quarantine Power Station,SA1,ADE,130,Natural Gas (Pipeline),Fossil,0.83996,SCHEDULED,24,0,600,600,600,600,1,1,2400,2400,2400,10.4,11.25,0.3,6.629058547,84.97690865,QPS2,NTNPD,
QPS5,QUARANTN,Quarantine Power Station,SA1,ADE,130,Natural Gas (Pipeline),Fossil,0.83996,SCHEDULED,128,0,600,600,600,600,1,1,12800,12800,12800,10.4,11.25,0.3,6.629058547,84.97690865,QPS5,NTNPD,
QPS4,QUARANTN,Quarantine Power Station,SA1,ADE,130,Natural Gas (Pipeline),Fossil,0.83996,SCHEDULED,24,0,600,600,600,600,1,1,2400,2400,2400,10.4,11.25,0.3,6.629058547,84.97690865,QPS4,NTNPD,
DARTM1,DARTM,DARTMOUTH POWER STATION,VIC1,NVIC,739,Hydro,Hydro,0,SCHEDULED,150,18,3270,3270,3120,3010,1,1,750,450,300,7,0,0,0,7,DARTM1,NTNPD,
BROKENH1,BROKENH,Broken Hill Solar Plant,NSW1,SWNSW,469,Solar,Solar,0,SEMI-SCHEDULED,53,0,1200,1200,1200,1200,0,0,0,0,0,0,3.6,0,0,0,Broken Hill Solar Plant,NTNPD,
MPP_2,MILLMERN,Millmerran Power Plant,QLD1,SWQ,561,Black coal,Fossil,0.89209,SCHEDULED,426,170.4,60,60,60,60,8,8,149100,51120,17040,3.1,9.756097561,0.1,1.249,15.28536585,MPP_2,NTNPD,
MPP_1,MILLMERN,Millmerran Power Plant,QLD1,SWQ,561,Black coal,Fossil,0.89209,SCHEDULED,426,170.4,60,60,60,60,8,8,149100,51120,17040,3.1,9.756097561,0.1,1.249,15.28536585,MPP_1,NTNPD,
WKIEWA1,WKIEWA,WEST KIEWA POWER STATION,VIC1,NVIC,738,Hydro,Hydro,0,SCHEDULED,31,0,600,600,600,600,1,1,155,93,62,7,0,0,0,7,WKIEWA1,NTNPD,
WKIEWA2,WKIEWA,WEST KIEWA POWER STATION,VIC1,NVIC,738,Hydro,Hydro,0,SCHEDULED,31,0,600,600,600,600,1,1,155,93,62,7,0,0,0,7,WKIEWA2,NTNPD,
MSTUART1,MSTUART,Mt Stuart Power Station,QLD1,NQ,357,Kerosene - non aviation,Fossil,1.00862,SCHEDULED,144,0,600,590,600,600,1,1,14400,14400,14400,10.4,12,0.3,5.990506562,82.28607874,MSTUART1,NTNPD,
MSTUART2,MSTUART,Mt Stuart Power Station,QLD1,NQ,357,Kerosene - non aviation,Fossil,1.00862,SCHEDULED,144,0,600,590,600,600,1,1,14400,14400,14400,10.4,12,0.3,5.990506562,82.28607874,MSTUART2,NTNPD,
MSTUART3,MSTUART,Mt Stuart Power Station,QLD1,NQ,357,Kerosene - non aviation,Fossil,1.00862,SCHEDULED,131,0,600,590,600,600,1,1,13100,13100,13100,10.4,12,0.3,5.990506562,82.28607874,MSTUART3,NTNPD,
W/HOE#1,WIVENHOE,WIVENHOE POWER STATION,QLD1,SEQ,345,Hydro,Hydro,0,SCHEDULED,250,62.5,7200,7200,7200,7200,1,1,1250,750,500,7,0,0,0,7,W/HOE#1,NTNPD,
W/HOE#2,WIVENHOE,WIVENHOE POWER STATION,QLD1,SEQ,345,Hydro,Hydro,0,SCHEDULED,250,62.5,7200,7200,7200,7200,1,1,1250,750,500,7,0,0,0,7,W/HOE#2,NTNPD,
TARONG#1,TARONG,TARONG POWER STATION,QLD1,SWQ,455,Black coal,Fossil,0.94117,SCHEDULED,350,140,200,200,240,240,8,8,122500,42000,14000,3.1,9.944751381,0.1,2.766,30.60718232,TARONG#1,NTNPD,
TARONG#4,TARONG,TARONG POWER STATION,QLD1,SWQ,455,Black coal,Fossil,0.94117,SCHEDULED,350,140,200,200,240,240,8,8,122500,42000,14000,3.1,9.944751381,0.1,2.766,30.60718232,TARONG#4,NTNPD,
TARONG#2,TARONG,TARONG POWER STATION,QLD1,SWQ,455,Black coal,Fossil,0.94117,SCHEDULED,350,140,200,200,240,240,8,8,122500,42000,14000,3.1,9.944751381,0.1,2.766,30.60718232,TARONG#2,NTNPD,
TARONG#3,TARONG,TARONG POWER STATION,QLD1,SWQ,455,Black coal,Fossil,0.94117,SCHEDULED,350,140,200,200,240,240,8,8,122500,42000,14000,3.1,9.944751381,0.1,2.766,30.60718232,TARONG#3,NTNPD,
BRAEMAR7,B2PS,BRAEMAR 2 POWER STATION,QLD1,SWQ,662,Coal seam methane,Fossil,0.69137,SCHEDULED,173,0,680,660,660,660,1,1,17300,17300,17300,10.4,12,0.3,5.745362791,79.34435349,BRAEMAR7,NTNPD,
BRAEMAR5,B2PS,BRAEMAR 2 POWER STATION,QLD1,SWQ,662,Coal seam methane,Fossil,0.69137,SCHEDULED,173,0,680,660,660,660,1,1,17300,17300,17300,10.4,12,0.3,5.745362791,79.34435349,BRAEMAR5,NTNPD,
BRAEMAR6,B2PS,BRAEMAR 2 POWER STATION,QLD1,SWQ,662,Coal seam methane,Fossil,0.69137,SCHEDULED,173,0,680,660,660,660,1,1,17300,17300,17300,10.4,12,0.3,5.745362791,79.34435349,BRAEMAR6,NTNPD,
DEVILS_G,DEVILS_G,Devils Gate Power Station,TAS1,TAS,268,Hydro,Hydro,0,SCHEDULED,60,4.8,1070,1070,1790,1790,1,1,300,180,120,7,0,0,0,7,DEVILS_G,NTNPD,
DDPS1,DDPS1,Darling Downs Power Station,QLD1,SWQ,668,Natural Gas (Pipeline),Fossil,0.50624,SCHEDULED,644,0,490,490,380,380,4,4,16100,9660,3220,7,7.826086957,0.3,5.745362791,51.9637088,DDPS1_GT1,NTNPD,
TUNGATIN,TUNGATIN,Tungatinah Power Station,TAS1,TAS,825,Hydro,Hydro,0,SCHEDULED,125,0,590,590,1930,1930,1,1,625,375,250,7,0,0,0,7,REECE1,NTNPD,No entry for TUNGATIN. Using REECE1 instead. Both hydro with similar capacities.
LEM_WIL,LEM_WIL,Lemonthyme / Wilmot Power Station,TAS1,TAS,377,Hydro,Hydro,0,SCHEDULED,82,0,400,400,1170,1170,1,1,410,246,164,7,0,0,0,7,REECE1,NTNPD,No entry for LEM_WIL. Using REECE1 instead. Both hydro with similar capacities.
TRIBUTE,TRIBUTE,Tribute Power Station,TAS1,TAS,625,Hydro,Hydro,0,SCHEDULED,83,0,800,800,1780,1780,1,1,415,249,166,7,0,0,0,7,TRIBUTE,NTNPD,
BBTHREE1,BBP31,Bell Bay Three Power Station,TAS1,TAS,778,Natural Gas (Pipeline),Fossil,0.68462,SCHEDULED,35,0,600,600,600,600,1,1,3500,3500,3500,10.4,12.4137931,0.3,6.617023256,92.54235764,BBTHREE1,NTNPD,
BBTHREE2,BBP31,Bell Bay Three Power Station,TAS1,TAS,778,Natural Gas (Pipeline),Fossil,0.68462,SCHEDULED,35,0,600,600,600,600,1,1,3500,3500,3500,10.4,12.4137931,0.3,6.617023256,92.54235764,BBTHREE2,NTNPD,
BBTHREE3,BBP31,Bell Bay Three Power Station,TAS1,TAS,778,Natural Gas (Pipeline),Fossil,0.68462,SCHEDULED,35,0,600,600,600,600,1,1,3500,3500,3500,10.4,12.4137931,0.3,6.617023256,92.54235764,BBTHREE3,NTNPD,
TVPP104,BBP31,Bell Bay Three Power Station,TAS1,TAS,778,Natural Gas (Pipeline),Fossil,0.70965,SCHEDULED,58,0,600,600,600,600,1,1,5800,5800,5800,10.4,12.85714286,0.3,6.617023256,95.47601331,TVPP104,NTNPD,
LNGS1,LNGS,Laverton North Power Station,VIC1,MEL,742,Natural Gas (Pipeline),Fossil,0.81463783,SCHEDULED,156,0,3330,920,3330,680,1,1,15600,15600,15600,10.4,11.84210526,0.3,6.210841538,83.94943925,Laverton North1,NTNPD,
LNGS2,LNGS,Laverton North Power Station,VIC1,MEL,742,Natural Gas (Pipeline),Fossil,0.81463783,SCHEDULED,156,0,3330,920,3330,680,1,1,15600,15600,15600,10.4,11.84210526,0.3,6.210841538,83.94943925,Laverton North2,NTNPD,
JLA02,JEERA,"Jeeralang ""A"" Power Station",VIC1,LV,279,Natural Gas (Pipeline),Fossil,0.90578,SCHEDULED,51,0,540,540,540,540,1,1,5100,5100,5100,10.4,15.72052402,0.3,6.705029246,115.8065733,JLA02,NTNPD,
JLA01,JEERA,"Jeeralang ""A"" Power Station",VIC1,LV,279,Natural Gas (Pipeline),Fossil,0.90578,SCHEDULED,51,0,540,540,540,540,1,1,5100,5100,5100,10.4,15.72052402,0.3,6.705029246,115.8065733,JLA01,NTNPD,
JLA03,JEERA,"Jeeralang ""A"" Power Station",VIC1,LV,279,Natural Gas (Pipeline),Fossil,0.90578,SCHEDULED,51,0,540,540,540,540,1,1,5100,5100,5100,10.4,15.72052402,0.3,6.705029246,115.8065733,JLA03,NTNPD,
JLA04,JEERA,"Jeeralang ""A"" Power Station",VIC1,LV,279,Natural Gas (Pipeline),Fossil,0.90578,SCHEDULED,51,0,540,540,540,540,1,1,5100,5100,5100,10.4,15.72052402,0.3,6.705029246,115.8065733,JLA04,NTNPD,
HVGTS,HUNTVGT,Hunter Valley Gas Turbine,NSW1,NCEN,244,Kerosene - non aviation,Fossil,0.94233,SCHEDULED,50,0,60,60,60,60,1,1,5000,5000,5000,10.4,12.85714286,0.3,7.150907655,102.3402413,HVGTS1,NTNPD,
LK_ECHO,LK_ECHO,Lake Echo Power Station,TAS1,TAS,425,Hydro,Hydro,0,SCHEDULED,32,0,1000,1000,1000,1000,1,1,160,96,64,7,0,0,0,7,LK_ECHO,NTNPD,
BASTYAN,BASTYAN,Bastyan Power Station,TAS1,TAS,431,Hydro,Hydro,0,SCHEDULED,80,0.056,740,740,1790,1790,1,1,400,240,160,7,0,0,0,7,BASTYAN,NTNPD,
MINTARO,MINTARO,Mintaro Gas Turbine Station,SA1,NSA,868,Natural Gas (Pipeline),Fossil,0.9619,SCHEDULED,90,0,300,300,300,300,1,1,9000,9000,9000,10.4,12.85714286,0.3,7.082565617,101.461558,MINTARO,NTNPD,
EILDON1,EILDON,EILDON POWER STATION,VIC1,NVIC,199,Hydro,Hydro,0,SCHEDULED,60,18,900,900,900,900,1,1,300,180,120,7,0,0,0,7,EILDON1,NTNPD,
EILDON2,EILDON,EILDON POWER STATION,VIC1,NVIC,199,Hydro,Hydro,0,SCHEDULED,60,18,900,900,900,900,1,1,300,180,120,7,0,0,0,7,EILDON2,NTNPD,
UPPTUMUT,SNOWY2,Tumut Power Station,NSW1,CAN,507,Hydro,Hydro,0,SCHEDULED,616,0,7630,1840,7790,1800,1,1,3080,1848,1232,7,0,0,0,7,TUMUT1_01,NTNPD,
GORDON,GORDON,Gordon Power Station,TAS1,TAS,940,Hydro,Hydro,0,SCHEDULED,432,0,2890,2780,5250,140,1,1,2160,1296,864,7,0,0,0,7,REECE1,NTNPD,No entry for GORDON. Using REECE1 instead. Both hydro.
MOREESF1,MOREESF,MOREE SOLAR FARM,NSW1,NNS,567,Solar,Solar,0,SEMI-SCHEDULED,57,0,3600,3600,3600,3600,0,0,0,0,0,0,3.6,0,0,0,Moree Solar,NTNPD,
TREVALLN,TREVALLN,Trevallyn Power Station,TAS1,TAS,696,Hydro,Hydro,0,SCHEDULED,93,0,500,500,1710,1710,1,1,465,279,186,7,0,0,0,7,REECE1,NTNPD,No entry for TREVALLN. Using REECE1 instead. Both hydro.
TVCC201,TVCCPS,Tamar Valley Combined Cycle Power Station,TAS1,TAS,374,Natural Gas (Pipeline),Fossil,0.45191,SCHEDULED,208,0,430,430,110,540,4,4,5200,3120,1040,7,7.5,0.3,6.617023256,56.62767442,TVCC201,NTNPD,
LKBONNY2,LKBONNY_2,Lake Bonney Stage 2 Windfarm,SA1,SESA,658,Wind,Wind,0,SEMI-SCHEDULED,159,0,780,780,780,780,1,1,795,477,318,0,3.6,0,0,0,LKBONNY2,NTNPD,
HUMEV,HUMEV,Hume (Vic) Hydro Power Station,NSW1,SWNSW,734,Hydro,Hydro,0,SCHEDULED,29,4.06,180,180,180,180,1,1,145,87,58,7,0,0,0,7,HUMEV,NTNPD,
LKBONNY3,LKBONNY3,Lake Bonney Stage 3 Wind Farm,SA1,SESA,655,Wind,Wind,0,SEMI-SCHEDULED,39,0,900,180,900,180,1,1,195,117,78,0,3.6,0,0,0,LKBONNY3,NTNPD,
BDL01,DEIBDL,Bairnsdale Power Station,VIC1,LV,88,Natural Gas (Pipeline),Fossil,0.57086,SCHEDULED,47,0,240,240,240,240,1,1,4700,4700,4700,10.4,10.58823529,0.3,6.213779014,76.19295424,BDL01,NTNPD,
BDL02,DEIBDL,Bairnsdale Power Station,VIC1,LV,88,Natural Gas (Pipeline),Fossil,0.57086,SCHEDULED,47,0,240,240,240,240,1,1,4700,4700,4700,10.4,10.58823529,0.3,6.213779014,76.19295424,BDL02,NTNPD,
YARWUN_1,YARWUN,Yarwun Power Station,QLD1,CQ,703,Natural Gas (Pipeline),Fossil,0.62552,SCHEDULED,154,0,600,600,600,600,1,1,3850,2310,770,7,10.58823529,0.3,4.103447547,50.44826813,YARWUN_1,NTNPD,
BARRON-2,BARRON,Barron Gorge Power Station,QLD1,NQ,156,Hydro,Hydro,0,SCHEDULED,30,0,180,180,180,180,1,1,150,90,60,7,0,0,0,7,BARRON-2,NTNPD,
BARRON-1,BARRON,Barron Gorge Power Station,QLD1,NQ,156,Hydro,Hydro,0,SCHEDULED,30,0,180,180,180,180,1,1,150,90,60,7,0,0,0,7,BARRON-1,NTNPD,
CALL_B_1,CALLIDE,Callide Power Station,QLD1,CQ,931,Black coal,Fossil,1.01516,SCHEDULED,350,171.5,180,180,190,190,8,8,122500,42000,14000,1,9.972299169,0.1,2.12,22.14127424,CALL_B_1,NTNPD,
CALL_B_2,CALLIDE,Callide Power Station,QLD1,CQ,931,Black coal,Fossil,1.01516,SCHEDULED,350,171.5,180,180,190,190,8,8,122500,42000,14000,1,9.972299169,0.1,2.12,22.14127424,CALL_B_2,NTNPD,
KAREEYA4,KAREEYA,KAREEYA POWER STATION,QLD1,NQ,751,Hydro,Hydro,0,SCHEDULED,21,5.25,300,120,300,120,1,1,105,63,42,7,0,0,0,7,KAREEYA4,NTNPD,
KAREEYA2,KAREEYA,KAREEYA POWER STATION,QLD1,NQ,751,Hydro,Hydro,0,SCHEDULED,21,5.25,300,120,300,120,1,1,105,63,42,7,0,0,0,7,KAREEYA2,NTNPD,
KAREEYA1,KAREEYA,KAREEYA POWER STATION,QLD1,NQ,751,Hydro,Hydro,0,SCHEDULED,21,5.25,300,120,300,120,1,1,105,63,42,7,0,0,0,7,KAREEYA1,NTNPD,
KAREEYA3,KAREEYA,KAREEYA POWER STATION,QLD1,NQ,751,Hydro,Hydro,0,SCHEDULED,21,5.25,300,120,300,120,1,1,105,63,42,7,0,0,0,7,KAREEYA3,NTNPD,
OAKEY1,OAKEY,OAKEY POWER STATION,QLD1,SWQ,366,Natural Gas (Pipeline),Fossil,0.85373,SCHEDULED,141,0,660,660,660,660,1,1,14100,14100,14100,10.4,11.04294479,0.3,6.6942,84.32368101,OAKEY1,NTNPD,
OAKEY2,OAKEY,OAKEY POWER STATION,QLD1,SWQ,366,Natural Gas (Pipeline),Fossil,0.85373,SCHEDULED,141,0,660,660,660,660,1,1,14100,14100,14100,10.4,11.04294479,0.3,6.6942,84.32368101,OAKEY2,NTNPD,
VPGS3,VPGS,Valley Power Peaking Facility,VIC1,LV,775,Natural Gas (Pipeline),Fossil,0.88032961,SCHEDULED,50,0,3360,600,3600,600,1,1,5000,5000,5000,10.4,15,0.3,6.213779014,103.6066852,VPGS3,NTNPD,
VPGS4,VPGS,Valley Power Peaking Facility,VIC1,LV,775,Natural Gas (Pipeline),Fossil,0.88032961,SCHEDULED,50,0,3360,600,3600,600,1,1,5000,5000,5000,10.4,15,0.3,6.213779014,103.6066852,VPGS4,NTNPD,
VPGS2,VPGS,Valley Power Peaking Facility,VIC1,LV,775,Natural Gas (Pipeline),Fossil,0.88032961,SCHEDULED,50,0,3360,600,3600,600,1,1,5000,5000,5000,10.4,15,0.3,6.213779014,103.6066852,VPGS2,NTNPD,
VPGS1,VPGS,Valley Power Peaking Facility,VIC1,LV,775,Natural Gas (Pipeline),Fossil,0.88032961,SCHEDULED,50,0,3360,600,3600,600,1,1,5000,5000,5000,10.4,15,0.3,6.213779014,103.6066852,VPGS1,NTNPD,
VPGS5,VPGS,Valley Power Peaking Facility,VIC1,LV,775,Natural Gas (Pipeline),Fossil,0.88032961,SCHEDULED,50,0,3360,600,3600,600,1,1,5000,5000,5000,10.4,15,0.3,6.213779014,103.6066852,VPGS5,NTNPD,
VPGS6,VPGS,Valley Power Peaking Facility,VIC1,LV,775,Natural Gas (Pipeline),Fossil,0.88032961,SCHEDULED,50,0,3360,600,3600,600,1,1,5000,5000,5000,10.4,15,0.3,6.213779014,103.6066852,VPGS6,NTNPD,
OSB-AG,OSBORNE,OSBORNE POWER STATION,SA1,ADE,122,Natural Gas (Pipeline),Fossil,0.57192,SCHEDULED,180,0,170,170,160,160,4,4,4500,2700,900,7,8.571428571,0.3,6.629058547,63.82050183,OsborneGT,NTNPD,
OAKLAND1,OAKLAND,Oaklands Hill Wind Farm,VIC1,MEL,619,Wind,Wind,0,SEMI-SCHEDULED,67,0,620,600,630,620,1,1,335,201,134,0,3.6,0,0,0,OAKLAND1,NTNPD,
NYNGAN1,NYNGAN,Nyngan Solar Plant,NSW1,NCEN,573,Solar,Solar,0,SEMI-SCHEDULED,102,0,1200,1200,1200,1200,0,0,0,0,0,0,3.6,0,0,0,Nyngan,NTNPD,
CETHANA,CETHANA,Cethana Power Station,TAS1,TAS,615,Hydro,Hydro,0,SCHEDULED,85,0,1260,1260,1790,1790,1,1,425,255,170,7,0,0,0,7,CETHANA,NTNPD,
MUSSELR1,MUSSELRO,Musselroe Wind Farm,TAS1,TAS,374,Wind,Wind,0,SEMI-SCHEDULED,168,0,9740,9740,10080,10080,1,1,840,504,336,0,3.6,0,0,0,MUSSELR1,NTNPD,
CG1,COLONGRA,Colongra Power Station,NSW1,NCEN,162,Natural Gas (Pipeline),Fossil,0.79039,SCHEDULED,181,0,720,720,720,720,1,1,18100,18100,18100,8.3,11.25,0.3,5.825201823,73.83352051,CG1,NTNPD,
CG2,COLONGRA,Colongra Power Station,NSW1,NCEN,162,Natural Gas (Pipeline),Fossil,0.79039,SCHEDULED,181,0,720,720,720,720,1,1,18100,18100,18100,8.3,11.25,0.3,5.825201823,73.83352051,CG2,NTNPD,
CG3,COLONGRA,Colongra Power Station,NSW1,NCEN,162,Natural Gas (Pipeline),Fossil,0.79039,SCHEDULED,181,0,720,720,720,720,1,1,18100,18100,18100,8.3,11.25,0.3,5.825201823,73.83352051,CG3,NTNPD,
CG4,COLONGRA,Colongra Power Station,NSW1,NCEN,162,Natural Gas (Pipeline),Fossil,0.79039,SCHEDULED,181,0,720,720,720,720,1,1,18100,18100,18100,8.3,11.25,0.3,5.825201823,73.83352051,CG4,NTNPD,
GUNNING1,GUNNING,Gunning Wind Farm,NSW1,CAN,415,Wind,Wind,0,SEMI-SCHEDULED,47,0,2820,2820,2820,2820,1,1,235,141,94,0,3.6,0,0,0,GUNNING1,NTNPD,
TNPS1,TARONGN,Tarong North Power Station,QLD1,SWQ,456,Black coal,Fossil,0.89438,SCHEDULED,443,175,270,270,320,320,8,8,155050,53160,17720,1,9.183673469,0.1,2.766,26.40204082,TNPS1,NTNPD,
NPS,NEWPORT,NEWPORT POWER STATION,VIC1,MEL,147,Natural Gas (Pipeline),Fossil,0.59856,SCHEDULED,500,0,340,340,420,420,1,1,10000,5000,2500,12.5,10.81081081,0.3,6.70209177,84.95504616,NPS,NTNPD,
NBHWF1,NBHWF,North Brown Hill Wind Farm,SA1,NSA,399,Wind,Wind,0,SEMI-SCHEDULED,132,0,180,180,180,180,1,1,660,396,264,0,3.6,0,0,0,NBHWF1,NTNPD,
CLEMGPWF,CLEMGPWF,Clements Gap Wind Farm,SA1,NSA,353,Wind,Wind,0,SEMI-SCHEDULED,57,0,1790,1790,1790,1790,1,1,285,171,114,0,3.6,0,0,0,CLEMGPWF,NTNPD,
MURRAY,MURRAY,Murray Power Station,NSW1,CAN,209,Hydro,Hydro,0,SCHEDULED,1500,0,11440,2990,12000,2530,1,1,7500,4500,3000,7,0,0,0,7,MURRAY01,NTNPD,
LADBROK2,LADBROKE,Ladbroke Grove Power Station,SA1,SESA,656,Natural Gas (Pipeline),Fossil,0.66009,SCHEDULED,40,0,480,480,480,480,1,1,4000,4000,4000,10.4,12,0.3,6.629058547,89.94870256,LADBROK2,NTNPD,
LADBROK1,LADBROKE,Ladbroke Grove Power Station,SA1,SESA,656,Natural Gas (Pipeline),Fossil,0.66009,SCHEDULED,40,0,480,480,480,480,1,1,4000,4000,4000,10.4,12,0.3,6.629058547,89.94870256,LADBROK1,NTNPD,
KPP_1,KOGANCK,Kogan Creek Power Station,QLD1,SWQ,815,Black coal,Fossil,0.90583,SCHEDULED,744,347.2,240,300,210,210,8,8,260400,89280,29760,0.4925,9.37,0.1,1.459,14.16333,KPP_1,NTNPD,
WOODLWN1,WOODLWN,Woodlawn Wind Farm,NSW1,CAN,692,Wind,Wind,0,SEMI-SCHEDULED,48,0,900,180,900,180,1,1,240,144,96,0,3.6,0,0,0,WOODLWN1,NTNPD,
CPP_3,CALLIDEC,CALLIDE C NETT OFF,QLD1,CQ,933,Black coal,Fossil,0.96132,SCHEDULED,420,207.4074074,210,220,230,230,8,8,147000,50400,16800,1,9.863013699,0.1,2.12,21.90958904,CPP_3,NTNPD,
CPP_4,CALLIDEC,CALLIDE C NETT OFF,QLD1,CQ,933,Black coal,Fossil,0.96132,SCHEDULED,420,207.4074074,210,220,230,230,8,8,147000,50400,16800,1,9.863013699,0.1,2.12,21.90958904,CPP_4,NTNPD,
BW01,BAYSW,Bayswater Power Station,NSW1,NCEN,244,Black coal,Fossil,0.9674,SCHEDULED,660,291.1764706,120,100,310,230,8,8,231000,79200,26400,1,10.02785515,0.1,1.463,15.67075208,BW01,NTNPD,
BW02,BAYSW,Bayswater Power Station,NSW1,NCEN,244,Black coal,Fossil,0.9674,SCHEDULED,660,291.1764706,120,100,310,230,8,8,231000,79200,26400,1,10.02785515,0.1,1.463,15.67075208,BW02,NTNPD,
BW03,BAYSW,Bayswater Power Station,NSW1,NCEN,244,Black coal,Fossil,0.9674,SCHEDULED,660,291.1764706,120,100,310,230,8,8,231000,79200,26400,1,10.02785515,0.1,1.463,15.67075208,BW03,NTNPD,
BW04,BAYSW,Bayswater Power Station,NSW1,NCEN,244,Black coal,Fossil,0.9674,SCHEDULED,660,291.1764706,120,100,310,230,8,8,231000,79200,26400,1,10.02785515,0.1,1.463,15.67075208,BW04,NTNPD,
HALLWF1,HALLWF,Hallett 1 Wind Farm,SA1,NSA,107,Wind,Wind,0,SEMI-SCHEDULED,95,0,180,180,180,180,1,1,475,285,190,0,3.6,0,0,0,HALLWF1,NTNPD,
TUMUT3,SNOWY1,Tumut 3 Power Station,NSW1,CAN,667,Hydro,Hydro,0,SCHEDULED,1500,0,12000,2890,12000,2120,1,1,7500,4500,3000,7,0,0,0,7,TUMUT3_01,NTNPD,
POR03,PORTLCN,Port Lincoln Gas Turbine,SA1,NSA,885,Diesel oil,Fossil,1.56153,SCHEDULED,23,0,180,180,180,180,1,1,2300,2300,2300,10.4,13.84615385,0.3,8.405479859,126.7835673,POR01-3,NTNPD,
POR01,PORTLCN,Port Lincoln Gas Turbine,SA1,NSA,885,Diesel oil,Fossil,1.56153,SCHEDULED,50,0,180,180,180,180,1,1,5000,5000,5000,10.4,13.84615385,0.3,8.405479859,126.7835673,POR01-1,NTNPD,
PPCCGT,NPPPPS,Pelican Point Power Station,SA1,ADE,797,Natural Gas (Pipeline),Fossil,0.48318,SCHEDULED,478,0,600,600,600,600,4,4,11950,7170,2390,7,7.5,0.3,7.223998176,61.17998632,PPCCGTGT1,NTNPD,
CPSA,CPSA,Condamine Power Station A,QLD1,SWQ,819,Natural Gas (Pipeline),Fossil,0.5264,SCHEDULED,144,0,170,170,180,180,4,4,3600,2160,720,7,7.5,0.3,5.745362791,50.09022093,CPSA,NTNPD,
PTSTAN1,STANVAC,Pt Stanvac Power Station,SA1,ADE,11,Diesel oil,Fossil,0.657,SCHEDULED,58,0,180,180,180,180,1,1,5800,5800,5800,10.88332,13.84615385,0.3,8.405479859,127.2668873,Lonsdale,NTNPD,No entry for PTSTAN1. Use Lonsdale instead. Both diesel with same emissions intensities.
HDWF2,HORNSDAL2,Hornsdale Wind Farm 2,SA1,NSA,107,Wind,Wind,0,SEMI-SCHEDULED,102,0,180,180,180,180,1,1,510,306,204,0,3.6,0,0,0,BOCORWF1,NTNPD,No entry for HDWF2. Use BOCORWF1 instead. Both wind.
HDWF1,HORNSDAL,Hornsdale Wind Farm,SA1,NSA,107,Wind,Wind,0,SEMI-SCHEDULED,102,0,180,180,180,180,1,1,510,306,204,0,3.6,0,0,0,BOCORWF1,NTNPD,No entry for HDWF1. Use BOCORWF1 instead. Both wind.
HALLWF2,HALLWF2,Hallett 2 Wind Farm,SA1,NSA,405,Wind,Wind,0,SEMI-SCHEDULED,71,0,120,120,120,120,1,1,355,213,142,0,3.6,0,0,0,HALLWF2,NTNPD,
GUTHEGA,SNOWY3,Guthega Power Station,NSW1,CAN,206,Hydro,Hydro,0,SCHEDULED,60,21,580,600,590,600,1,1,300,180,120,7,0,0,0,7,GUTHEGA1,NTNPD,
POAT220,PTINA220,Poatina Power Station,TAS1,TAS,706,Hydro,Hydro,0,SCHEDULED,200,0,1210,1220,2250,2260,1,1,1000,600,400,7,0,0,0,7,PO161-1,NTNPD,Assuming this is correct. Costs are inline with similar hydro plant.
POAT110,PTINA110,Poatina Power Station,TAS1,TAS,706,Hydro,Hydro,0,SCHEDULED,100,0,1210,1220,2250,2260,1,1,500,300,200,7,0,0,0,7,PO161-1,NTNPD,Assuming this is correct. Costs are inline with similar hydro plant.
TARRALEA,TARRALEA,Tarraleah Power Station,TAS1,TAS,936,Hydro,Hydro,0,SCHEDULED,90,0,1000,1000,1000,1000,1,1,450,270,180,7,0,0,0,7,REECE1,NTNPD,No entry for TARRALEA. Using REECE1 instead. Both hydro.
FISHER,FISHER,Fisher Power Station,TAS1,TAS,373,Hydro,Hydro,0,SCHEDULED,43,0,440,440,890,890,1,1,215,129,86,7,0,0,0,7,FISHER,NTNPD,
SNUG1,SNUG,SNUGGERY POWER STATION,SA1,SESA,655,Diesel oil,Fossil,1.4918,SCHEDULED,63,0,180,180,180,180,1,1,6300,6300,6300,10.4,13.84615385,0.3,8.582270557,129.2314385,SNUG1,NTNPD,
SHGEN,SHOALHAV,Shoalhaven Power Station (Bendeela And Kangaroo Valley Power Station And Pumps),NSW1,NCEN,596,Hydro,Hydro,0,SCHEDULED,240,0,600,600,600,600,1,1,1200,720,480,7,0,0,0,7,SHGEN01,NTNPD,
MACARTH1,MACARTH,Macarthur Wind Farm,VIC1,MEL,621,Wind,Wind,0,SEMI-SCHEDULED,420,0,620,600,630,620,1,1,2100,1260,840,0,3.6,0,0,0,MACARTH1,NTNPD,
ER02,ERARING,ERARING POWER STATION,NSW1,NCEN,909,Black coal,Fossil,0.96475,SCHEDULED,720,230.4,150,210,300,300,8,8,252000,86400,28800,1,10.16949153,0.1,2.29,24.2881356,ER02,NTNPD,
ER01,ERARING,ERARING POWER STATION,NSW1,NCEN,909,Black coal,Fossil,0.96475,SCHEDULED,720,230.4,150,210,300,300,8,8,252000,86400,28800,1,10.16949153,0.1,2.29,24.2881356,ER01,NTNPD,
ER03,ERARING,ERARING POWER STATION,NSW1,NCEN,909,Black coal,Fossil,0.96475,SCHEDULED,720,230.4,150,210,300,300,8,8,252000,86400,28800,1,10.16949153,0.1,2.29,24.2881356,ER03,NTNPD,
ER04,ERARING,ERARING POWER STATION,NSW1,NCEN,909,Black coal,Fossil,0.96475,SCHEDULED,720,230.4,150,210,300,300,8,8,252000,86400,28800,1,10.16949153,0.1,2.29,24.2881356,ER04,NTNPD,
LYA2,LOYYANGA,LOY YANG A POWER STATION,VIC1,LV,35,Brown coal,Fossil,1.25875,SCHEDULED,530,328.6,350,430,330,320,16,16,185500,63600,21200,1,13.23529412,0.1,0.616,9.152941178,LYA2,NTNPD,
LYA1,LOYYANGA,LOY YANG A POWER STATION,VIC1,LV,35,Brown coal,Fossil,1.25875,SCHEDULED,560,347.2,350,430,330,320,16,16,196000,67200,22400,0.99,13.23529412,0.1,0.616,9.142941178,LYA1,NTNPD,
LYA4,LOYYANGA,LOY YANG A POWER STATION,VIC1,LV,35,Brown coal,Fossil,1.25875,SCHEDULED,560,347.2,350,430,330,320,16,16,196000,67200,22400,1.02,13.23529412,0.1,0.616,9.172941178,LYA4,NTNPD,
LYA3,LOYYANGA,LOY YANG A POWER STATION,VIC1,LV,35,Brown coal,Fossil,1.25875,SCHEDULED,560,347.2,350,430,330,320,16,16,196000,67200,22400,1.01,13.23529412,0.1,0.616,9.162941178,LYA3,NTNPD,
MCKAY1,MCKAY,Bogong / Mackay Power Station,VIC1,NVIC,736,Hydro,Hydro,0,SCHEDULED,300,0,3600,3600,3600,3530,1,1,1500,900,600,7,0,0,0,7,MCKAY11,NTNPD,
STAN-1,STANWELL,STANWELL POWER STATION,QLD1,CQ,224,Black coal,Fossil,0.95068,SCHEDULED,365,182.5,180,180,180,180,8,8,127750,43800,14600,3.1,9.89010989,0.1,2.121,24.07692308,STAN-1,NTNPD,
STAN-2,STANWELL,STANWELL POWER STATION,QLD1,CQ,224,Black coal,Fossil,0.95068,SCHEDULED,365,182.5,180,180,180,180,8,8,127750,43800,14600,3.1,9.89010989,0.1,2.121,24.07692308,STAN-2,NTNPD,
STAN-3,STANWELL,STANWELL POWER STATION,QLD1,CQ,224,Black coal,Fossil,0.95068,SCHEDULED,365,182.5,180,180,180,180,8,8,127750,43800,14600,3.1,9.89010989,0.1,2.121,24.07692308,STAN-3,NTNPD,
STAN-4,STANWELL,STANWELL POWER STATION,QLD1,CQ,224,Black coal,Fossil,0.95068,SCHEDULED,365,182.5,180,180,180,180,8,8,127750,43800,14600,3.1,9.89010989,0.1,2.121,24.07692308,STAN-4,NTNPD,
BARCALDN,BARCALDN,Barcaldine Power Station,QLD1,CQ,170,Natural Gas (Pipeline),Fossil,1.11024,SCHEDULED,37,0,180,180,180,180,4,4,3700,3700,3700,10.4,12.85714286,0.3,6.6,95.25714288,BARCALDN,NTNPD,
AGLSOM,AGLSOM,Somerton Power Station,VIC1,MEL,194,Natural Gas (Pipeline),Fossil,0.82609,SCHEDULED,170,0,600,600,600,600,1,1,17000,17000,17000,10.4,15,0.3,6.652307128,110.1846069,AGLSOM01,NTNPD,
WATERLWF,WATERLWF,Waterloo Wind Farm,SA1,NSA,125,Wind,Wind,0,SEMI-SCHEDULED,130,0,620,600,630,620,1,1,650,390,260,0,3.6,0,0,0,WATERLWF,NTNPD,
URANQ12,URANQ,Uranquinty Power Station,NSW1,SWNSW,448,Natural Gas (Pipeline),Fossil,0.73152,SCHEDULED,166,0,660,660,660,660,1,1,16600,16600,16600,10.4,11.25,0.3,6.49676901,83.48865136,URANQ12,NTNPD,
URANQ14,URANQ,Uranquinty Power Station,NSW1,SWNSW,448,Natural Gas (Pipeline),Fossil,0.73152,SCHEDULED,166,0,660,660,660,660,1,1,16600,16600,16600,10.4,11.25,0.3,6.49676901,83.48865136,URANQ14,NTNPD,
URANQ11,URANQ,Uranquinty Power Station,NSW1,SWNSW,448,Natural Gas (Pipeline),Fossil,0.73152,SCHEDULED,166,0,660,660,660,660,1,1,16600,16600,16600,10.4,11.25,0.3,6.49676901,83.48865136,URANQ11,NTNPD,
URANQ13,URANQ,Uranquinty Power Station,NSW1,SWNSW,448,Natural Gas (Pipeline),Fossil,0.73152,SCHEDULED,166,0,660,660,660,660,1,1,16600,16600,16600,10.4,11.25,0.3,6.49676901,83.48865136,URANQ13,NTNPD,
MACKAYGT,MACKAY,MACKAY GAS TURBINE,QLD1,NQ,889,Diesel oil,Fossil,1.05628,SCHEDULED,30,0,600,600,600,600,1,1,3000,3000,3000,10.4,12.85714286,0.3,5.990506562,87.42079867,MACKAYGT,NTNPD,
ARWF1,ARWF,Ararat Wind Farm,VIC1,CVIC,303,Wind,Wind,0,SEMI-SCHEDULED,241,0,620,600,630,620,1,1,1205,723,482,0,3.6,0,0,0,ARARATWF,NTNPD,
LOYYB1,LOYYB,LOY YANG B POWER STATION,VIC1,LV,774,Brown coal,Fossil,1.2323,SCHEDULED,500,304.7619048,450,450,540,540,16,16,175000,60000,20000,1,13.53383459,0.1,0.616,9.336842107,LOYYB1,NTNPD,
LOYYB2,LOYYB,LOY YANG B POWER STATION,VIC1,LV,774,Brown coal,Fossil,1.2323,SCHEDULED,500,304.7619048,450,450,540,540,16,16,175000,60000,20000,1.01,13.53383459,0.1,0.616,9.346842107,LOYYB2,NTNPD,
LONSDALE,LONSDALE,Lonsdale Power Station,SA1,ADE,11,Diesel oil,Fossil,0.657,SCHEDULED,21,0,180,180,180,180,1,1,2100,2100,2100,10.88332,13.84615385,0.3,8.582270557,129.7147585,Lonsdale,NTNPD,
SNOWSTH1,SNOWSTH,Snowtown South Wind Farm,SA1,NSA,407,Wind,Wind,0,SEMI-SCHEDULED,126,0,620,600,630,620,1,1,630,378,252,0,3.6,0,0,0,SNOWSTH1,NTNPD,
SNOWTWN1,SNOWTOWN,Snowtown Wind Farm Units 1 And 47,SA1,NSA,870,Wind,Wind,0,SEMI-SCHEDULED,99,0,620,600,630,620,1,1,495,297,198,0,3.6,0,0,0,SNOWTWN1,NTNPD,
SITHE01,SITHE,SMITHFIELD ENERGY FACILITY,NSW1,NCEN,181,Natural Gas (Pipeline),Fossil,0.61713,SCHEDULED,160,0,60,180,70,180,1,1,4000,2400,800,7,8.780487805,0.3,5.825201823,58.14811357,SITHE01,NTNPD,
ANGAST1,ANGASTON,ANGASTON POWER STATION,SA1,NSA,294,Diesel oil,Fossil,0.657,SCHEDULED,50,0,180,180,180,180,1,1,5000,5000,5000,10.88332,13.84615385,0.3,8.582270557,129.7147585,ANGAS1,NTNPD,
BALDHWF1,BHWF,Bald Hills Wind Farm,VIC1,MEL,496,Wind,Wind,0,SEMI-SCHEDULED,106,0,620,600,630,620,1,1,530,318,212,0,3.6,0,0,0,Bald Hills p1,NTNPD,
MACKNTSH,MACKNTSH,Mackintosh Power Station,TAS1,TAS,830,Hydro,Hydro,0,SCHEDULED,80,0,1000,1000,1800,1800,1,1,400,240,160,7,0,0,0,7,MACKNTSH,NTNPD,
SNOWNTH1,SNOWNTH,Snowtown Wind Farm Stage 2 North,SA1,NSA,870,Wind,Wind,0,SEMI-SCHEDULED,144,0,620,600,630,620,1,1,720,432,288,0,3.6,0,0,0,SNOWNTH1,NTNPD,
MEADOWBK,MEADOWBK,Meadowbank Power Station,TAS1,TAS,676,Hydro,Hydro,0,SCHEDULED,40,0,290,290,480,480,1,1,200,120,80,7,0,0,0,7,MEADOWBK,NTNPD,
MERCER01,MTMERCER,Mt Mercer Wind Farm,VIC1,MEL,304,Wind,Wind,0,SEMI-SCHEDULED,131,0,620,600,630,620,1,1,655,393,262,0,3.6,0,0,0,MERCER1,NTNPD,
JBUTTERS,JBUTTERS,John Butters Power Station,TAS1,TAS,938,Hydro,Hydro,0,SCHEDULED,144,0,1610,1610,1730,1730,1,1,720,432,288,7,0,0,0,7,JBUTTERS,NTNPD,
AGLHAL,AGLHAL,Hallett Power Station,SA1,NSA,9,Natural Gas (Pipeline),Fossil,1.18618,SCHEDULED,180,0,600,600,600,600,1,1,18000,18000,18000,10.4,15,0.3,6.319350734,105.190261,AGLHAL01,NTNPD,
SWAN_E,SWANBANK,Swanbank B Power Station & Swanbank E Gas Turbine,QLD1,SEQ,918,Natural Gas (Pipeline),Fossil,0.44079,SCHEDULED,385,0,620,640,640,640,4,4,9625,5775,1925,7,7.659574468,0.3,6.9442,60.18961702,SWAN_E,NTNPD,
